
insert into BDDWEDQ.T11906GRUPOKPI(COD_GRUPOKPI, DES_GRUPOKPI, COD_ENTNEG, COD_DIMCAL, FEC_CREACION)
values('KPI0142022','Cantidad cargada de comprobantes válidos u observados - Casilla 514 Deducción de gastos deducibles - hoteles y restaurantes',1,1,CURRENT_DATE);
insert into BDDWEDQ.T11906GRUPOKPI(COD_GRUPOKPI, DES_GRUPOKPI, COD_ENTNEG, COD_DIMCAL, FEC_CREACION)
values('KPI0152022','Montos de comprobantes válidos u observados - Casilla 514 Deducción de gastos deducibles - hoteles y restaurantes',1,1,CURRENT_DATE);
insert into BDDWEDQ.T11906GRUPOKPI(COD_GRUPOKPI, DES_GRUPOKPI, COD_ENTNEG, COD_DIMCAL, FEC_CREACION)
values('KPI0162022','Cantidad cargada de comprobantes válidos u observados - Casilla 514 Deducción de gastos deducibles - Servicios profesionales',1,1,CURRENT_DATE);
insert into BDDWEDQ.T11906GRUPOKPI(COD_GRUPOKPI, DES_GRUPOKPI, COD_ENTNEG, COD_DIMCAL, FEC_CREACION)
values('KPI0172022','Montos de comprobantes válidos u observados - Casilla 514 Deducción de gastos deducibles - Servicios profesionales',1,1,CURRENT_DATE);
insert into BDDWEDQ.T11906GRUPOKPI(COD_GRUPOKPI, DES_GRUPOKPI, COD_ENTNEG, COD_DIMCAL, FEC_CREACION)
values('KPI0182022','Cantidad cargada de comprobantes válidos u observados - Casilla 514 Deducción de gastos deducibles - Alquiler Inmuebles',1,1,CURRENT_DATE);
insert into BDDWEDQ.T11906GRUPOKPI(COD_GRUPOKPI, DES_GRUPOKPI, COD_ENTNEG, COD_DIMCAL, FEC_CREACION)
values('KPI0192022','Montos de comprobantes válidos u observados - Casilla 514 Deducción de gastos deducibles - Alquiler Inmuebles',1,1,CURRENT_DATE);
insert into BDDWEDQ.T11906GRUPOKPI(COD_GRUPOKPI, DES_GRUPOKPI, COD_ENTNEG, COD_DIMCAL, FEC_CREACION)
values('KPI0202022','Cantidad cargada de comprobantes válidos u observados - Casilla 514 Deducción de gastos deducibles - EsSalud Trabajadores del Hogar',1,1,CURRENT_DATE);
insert into BDDWEDQ.T11906GRUPOKPI(COD_GRUPOKPI, DES_GRUPOKPI, COD_ENTNEG, COD_DIMCAL, FEC_CREACION)
values('KPI0212022','Montos de comprobantes válidos u observados - Casilla 514 Deducción de gastos deducibles - EsSalud Trabajadores del Hogar',1,1,CURRENT_DATE);
insert into BDDWEDQ.T11906GRUPOKPI(COD_GRUPOKPI, DES_GRUPOKPI, COD_ENTNEG, COD_DIMCAL, FEC_CREACION)
values('KPI0222022','Cantidad cargada de comprobantes válidos u observados - Casilla 514 Deducción de gastos deducibles - Turismo',1,1,CURRENT_DATE);
insert into BDDWEDQ.T11906GRUPOKPI(COD_GRUPOKPI, DES_GRUPOKPI, COD_ENTNEG, COD_DIMCAL, FEC_CREACION)
values('KPI0232022','Montos de comprobantes válidos u observados - Casilla 514 Deducción de gastos deducibles - Turismo',1,1,CURRENT_DATE);
insert into BDDWEDQ.T11906GRUPOKPI(COD_GRUPOKPI, DES_GRUPOKPI, COD_ENTNEG, COD_DIMCAL, FEC_CREACION)
values('KPI0242022','Cantidad cargada de comprobantes válidos u observados - Casilla 514 Deducción de gastos deducibles - Artesanía',1,1,CURRENT_DATE);
insert into BDDWEDQ.T11906GRUPOKPI(COD_GRUPOKPI, DES_GRUPOKPI, COD_ENTNEG, COD_DIMCAL, FEC_CREACION)
values('KPI0252022','Montos de comprobantes válidos u observados - Casilla 514 Deducción de gastos deducibles - Artesanía',1,1,CURRENT_DATE);
insert into BDDWEDQ.T11906GRUPOKPI(COD_GRUPOKPI, DES_GRUPOKPI, COD_ENTNEG, COD_DIMCAL, FEC_CREACION)
values('KPI0262022','Suma de comprobantes válidos de renta capital 1era categoría - Casilla 100 Deducción de gastos deducibles - bienes inmuebles o muebles arrendados o subarrendados',1,1,CURRENT_DATE);
insert into BDDWEDQ.T11906GRUPOKPI(COD_GRUPOKPI, DES_GRUPOKPI, COD_ENTNEG, COD_DIMCAL, FEC_CREACION)
values('KPI0272022','Cantidad de comprobantes válidos de renta capital 1era categoría - Casilla 100 Deducción de gastos deducibles - bienes inmuebles o muebles arrendados o subarrendados',1,1,CURRENT_DATE);
insert into BDDWEDQ.T11906GRUPOKPI(COD_GRUPOKPI, DES_GRUPOKPI, COD_ENTNEG, COD_DIMCAL, FEC_CREACION)
values('KPI0362022','Cantidad de DJs presentadas - formularios 1609,1611,1662,1663,1665,1666,1668,1669,1670,1671,1672,1674,1676,1683,601,615,616,617,621,626,633,634,648,693,695,697,699,709,710 - Teradata respecto a MongoDB',1,1,CURRENT_DATE);


insert into BDDWEDQ.T11907DETKPI VALUES('K014012022','KPI0142022','Cantidad de comprobantes válidos Casilla 514 - Hoteles y Restaurantes del personalizado (F-Virtual) respecto al  Transaccional (gastodeduc)',0.99,CURRENT_DATE,'GastoDeducible','F-Virtual',1,'J093168_KPIGRP14VAL.sh');
insert into BDDWEDQ.T11907DETKPI VALUES('K014032022','KPI0142022','Cantidad de comprobantes válidos Casilla 514 - Hoteles y Restaurantes del Mongo DB (Bdrenta) respecto al F-Virtual',0.99,CURRENT_DATE,'F-Virtual','MongoDB',1,'J093168_KPIGRP14VAL.sh');
insert into BDDWEDQ.T11907DETKPI VALUES('K014022022','KPI0142022','Cantidad de comprobantes observados Casilla 514 - Hoteles y Restaurantes del personalizado (F-Virtual) respecto al  Transaccional (gastodeduc)',0.99,CURRENT_DATE,'GastoDeducible','F-Virtual',1,'J093168_KPIGRP14OBS.sh');
insert into BDDWEDQ.T11907DETKPI VALUES('K014042022','KPI0142022','Cantidad de comprobantes observados Casilla 514 - Hoteles y Restaurantes del Mongo DB (Bdrenta) respecto al F-Virtual',0.99,CURRENT_DATE,'F-Virtual','MongoDB',1,'J093168_KPIGRP14OBS.sh');
insert into BDDWEDQ.T11907DETKPI VALUES('K015012022','KPI0152022','Suma de Montos de comprobantes válidos Casilla 514 - Hoteles y Restaurantes del Personalizado (F-Virtual) respecto al Transaccional (gastodeduc)',0.99,CURRENT_DATE,'GastoDeducible','F-Virtual',1,'J093168_KPIGRP15.sh');
insert into BDDWEDQ.T11907DETKPI VALUES('K015022022','KPI0152022','Suma de Montos de comprobantes válidos Casilla 514 - Hoteles y Restaurantes del MongoDB (Bdrenta) respecto al F-Virtual',0.99,CURRENT_DATE,'F-Virtual','MongoDB',1,'J093168_KPIGRP15.sh');
insert into BDDWEDQ.T11907DETKPI VALUES('K016012022','KPI0162022','Cantidad de comprobantes válidos Casilla 514 - Deducción de gastos deducibles Servicios profesionales  del personalizado (F-Virtual) respecto al  Transaccional (gastodeduc)',0.99,CURRENT_DATE,'GastoDeducible','F-Virtual',1,'J093168_KPIGRP16VAL.sh');
insert into BDDWEDQ.T11907DETKPI VALUES('K016032022','KPI0162022','Cantidad de comprobantes válidos Casilla 514 - Deducción de gastos deducibles Servicios profesionales del Mongo DB (Bdrenta) respecto al F-Virtual',0.99,CURRENT_DATE,'F-Virtual','MongoDB',1,'J093168_KPIGRP16VAL.sh');
insert into BDDWEDQ.T11907DETKPI VALUES('K016022022','KPI0162022','Cantidad de comprobantes observados Casilla 514 - Deducción de gastos deducibles Servicios profesionales  del personalizado (F-Virtual) respecto al  Transaccional (gastodeduc)',0.99,CURRENT_DATE,'GastoDeducible','F-Virtual',1,'J093168_KPIGRP16OBS.sh');
insert into BDDWEDQ.T11907DETKPI VALUES('K016042022','KPI0162022','Cantidad de comprobantes observaods Casilla 514 - Deducción de gastos deducibles Servicios profesionales del Mongo DB (Bdrenta) respecto al F-Virtual',0.99,CURRENT_DATE,'F-Virtual','MongoDB',1,'J093168_KPIGRP16OBS.sh');
insert into BDDWEDQ.T11907DETKPI VALUES('K017012022','KPI0172022','Suma de Montos de comprobantes válidos Casilla 514 - Deducción de gastos deducibles Servicios profesionales del Personalizado (F-Virtual) respecto al Transaccional (gastodeduc)',0.99,CURRENT_DATE,'GastoDeducible','F-Virtual',1,'J093168_KPIGRP17.sh');
insert into BDDWEDQ.T11907DETKPI VALUES('K017022022','KPI0172022','Suma de Montos de comprobantes válidos Casilla 514 - Deducción de gastos deducibles Servicios profesionales del MongoDB (Bdrenta) respecto al F-Virtual',0.99,CURRENT_DATE,'F-Virtual','MongoDB',1,'J093168_KPIGRP17.sh');
insert into BDDWEDQ.T11907DETKPI VALUES('K018012022','KPI0182022','Cantidad de comprobantes válidos Casilla 514 - Deducción de gastos deducibles Alquiler inmuebles del personalizado (F-Virtual) respecto al  Transaccional (gastodeduc)',0.99,CURRENT_DATE,'GastoDeducible','F-Virtual',1,'J093168_KPIGRP18.sh');
insert into BDDWEDQ.T11907DETKPI VALUES('K018032022','KPI0182022','Cantidad de comprobantes válidos Casilla 514 - Deducción de gastos deducibles Alquiler inmuebles del Mongo DB (Bdrenta) respecto al F-Virtual',0.99,CURRENT_DATE,'F-Virtual','MongoDB',1,'J093168_KPIGRP18.sh');
insert into BDDWEDQ.T11907DETKPI VALUES('K018022022','KPI0182022','Cantidad de comprobantes observados Casilla 514 - Deducción de gastos deducibles Alquiler inmuebles  del personalizado (F-Virtual) respecto al  Transaccional (gastodeduc)',0.99,CURRENT_DATE,'GastoDeducible','F-Virtual',1,'J093168_KPIGRP18.sh');
insert into BDDWEDQ.T11907DETKPI VALUES('K018042022','KPI0182022','Cantidad de comprobantes observaods Casilla 514 - Deducción de gastos deducibles Alquiler inmuebles del Mongo DB (Bdrenta) respecto al F-Virtual',0.99,CURRENT_DATE,'F-Virtual','MongoDB',1,'J093168_KPIGRP18.sh');
insert into BDDWEDQ.T11907DETKPI VALUES('K019012022','KPI0192022','Suma de Montos de comprobantes válidos Casilla 514 - Deducción de gastos deducibles Alquiler inmuebles del Personalizado (F-Virtual) respecto al Transaccional (gastodeduc)',0.99,CURRENT_DATE,'GastoDeducible','F-Virtual',1,'J093168_KPIGRP19.sh');
insert into BDDWEDQ.T11907DETKPI VALUES('K019022022','KPI0192022','Suma de Montos de comprobantes válidos Casilla 514 - Deducción de gastos deducibles Alquiler inmuebles del MongoDB (Bdrenta) respecto al F-Virtual',0.99,CURRENT_DATE,'F-Virtual','MongoDB',1,'J093168_KPIGRP19.sh');
insert into BDDWEDQ.T11907DETKPI VALUES('K020012022','KPI0202022','Cantidad de comprobantes válidos Casilla 514 - Deducción de gastos deducibles EsSalud Trabajadores del Hogar del personalizado (F-Virtual) respecto al Transaccional (gastodeduc)',0.99, CURRENT_DATE, 'GastoDeducible','F-Virtual',1,'J093168_KPIGRP20.sh');
insert into BDDWEDQ.T11907DETKPI VALUES('K020022022','KPI0202022','Cantidad de comprobantes válidos Casilla 514 - Deducción de gastos deducibles EsSalud Trabajadores del Hogar del Mongo DB (Bdrenta) respecto al F-Virtual',0.99,CURRENT_DATE,'F-Virtual','MongoDB',1,'J093168_KPIGRP20.sh');
insert into BDDWEDQ.T11907DETKPI VALUES('K021012022','KPI0212022','Suma de Montos de comprobantes válidos Casilla 514 - Deducción de gastos deducibles EsSalud Trabajadores del Hogar del personalizado (F-Virtual) respecto al  Transaccional (gastodeduc)',0.99,CURRENT_DATE,'GastoDeducible','F-Virtual',1,'J093168_KPIGRP21.sh');
insert into BDDWEDQ.T11907DETKPI VALUES('K021022022','KPI0212022','Suma de Montos de comprobantes válidos Casilla 514 - Deducción de gastos deducibles EsSalud Trabajadores del Hogar del Mongo DB (Bdrenta) respecto al F-Virtual',0.99,CURRENT_DATE,'F-Virtual','MongoDB',1,'J093168_KPIGRP21.sh');
insert into BDDWEDQ.T11907DETKPI VALUES('K022012022','KPI0222022','Cantidad de comprobantes válidos Casilla 514 - Deducción de gastos deducibles Turismo del Transaccional (gastodeduc) respecto al F-Virtual',0.99,CURRENT_DATE,'GastoDeducible','F-Virtual',1,'J093168_KPIGRP022.sh');
insert into BDDWEDQ.T11907DETKPI VALUES('K022032022','KPI0222022','Cantidad de comprobantes válidos Casilla 514 - Deducción de gastos deducibles Turismo del MongoDB (Bdrenta) respecto al F-Virtual',0.99,CURRENT_DATE,'F-Virtual','MongoDB',1,'J093168_KPIGRP022.sh');
insert into BDDWEDQ.T11907DETKPI VALUES('K022022022','KPI0222022','Cantidad de comprobantes observados Casilla 514 - Deducción de gastos deducibles Turismo del Transaccional (gastodeduc) respecto al F-Virtual',0.99,CURRENT_DATE,'GastoDeducible','F-Virtual',1,'J093168_KPIGRP022.sh');
insert into BDDWEDQ.T11907DETKPI VALUES('K022042022','KPI0222022','Cantidad de comprobantes observados Casilla 514 - Deducción de gastos deducibles Turismo del MongoDB (Bdrenta) respecto al F-Virtual',0.99,CURRENT_DATE,'F-Virtual','MongoDB',1,'J093168_KPIGRP022.sh');
insert into BDDWEDQ.T11907DETKPI VALUES('K023012022','KPI0232022','Suma de Montos de comprobantes válidos Casilla 514 - Deducción de gastos deducibles Turismo del Transaccional (gastodeduc) respecto al F-Virtual',0.99,CURRENT_DATE,'GastoDeducible','F-Virtual',1,'J093168_KPIGRP023.sh');
insert into BDDWEDQ.T11907DETKPI VALUES('K023022022','KPI0232022','Suma de Montos de comprobantes válidos Casilla 514 - Deducción de gastos deducibles Turismo del MongoDB (Bdrenta) respecto al F-Virtual',0.99,CURRENT_DATE,'F-Virtual','MongoDB',1,'J093168_KPIGRP023.sh');
insert into BDDWEDQ.T11907DETKPI VALUES('K024012022','KPI0242022','Cantidad de comprobantes válidos Casilla 514 - Deducción de gastos deducibles Artesanía del F-Virtual respecto al Transaccional (gastodeduc)',0.99,CURRENT_DATE,'GastoDeducible','F-Virtual',1,'J093168_KPIGRP024.sh');
insert into BDDWEDQ.T11907DETKPI VALUES('K024022022','KPI0242022','Cantidad de comprobantes válidos Casilla 514 - Deducción de gastos deducibles Artesanía del MongoDB (Bdrenta) respecto al F-Virtual',0.99,CURRENT_DATE,'F-Virtual','MongoDB',1,'J093168_KPIGRP024.sh');
insert into BDDWEDQ.T11907DETKPI VALUES('K025012022','KPI0252022','Suma de Montos de comprobantes válidos Casilla 514 - Deducción de gastos deducibles Artesanía del  F-Virtual respecto al Transaccional (gastodeduc) ',0.99,CURRENT_DATE,'GastoDeducible','F-Virtual',1,'J093168_KPIGRP025.sh');
insert into BDDWEDQ.T11907DETKPI VALUES('K025022022','KPI0252022','Suma de Montos de comprobantes válidos Casilla 514 - Deducción de gastos deducibles Artesanía del MongoDB (Bdrenta) respecto al F-Virtual',0.99,CURRENT_DATE,'F-Virtual','MongoDB',1,'J093168_KPIGRP025.sh');
insert into BDDWEDQ.T11907DETKPI VALUES('K026012022','KPI0262022','Suma de Montos de comprobantes válidos Casilla 100 - Renta capital 1era categoria Bienes inmuebles o muebles arrendados o subarrendados del personalizado (F-Virtual) respecto al transaccional (Sirat)',0.99,CURRENT_DATE,'Sirat','F-Virtual',1,'J093168_KPIGRP2627.sh');
insert into BDDWEDQ.T11907DETKPI VALUES('K026022022','KPI0262022','Suma de Montos de comprobantes válidos Casilla 100 - Renta capital 1era categoria Bienes inmuebles o muebles arrendados o subarrendados del MongoDB respecto al personalizado (F-Virtual)',0.99,CURRENT_DATE,'F-Virtual','MongoDB',1,'J093168_KPIGRP2627.sh');
insert into BDDWEDQ.T11907DETKPI VALUES('K027012022','KPI0272022','Cantidad de comprobantes válidos Casilla 100 - Renta capital 1era categoria Bienes inmuebles o muebles arrendados o subarrendados del Recauda respecto al Transaccional (Sirat)',0.99,CURRENT_DATE,'Sirat','F-Virtual',1,'J093168_KPIGRP2627.sh');
insert into BDDWEDQ.T11907DETKPI VALUES('K027022022','KPI0272022','Cantidad de comprobantes válidos Casilla 100 - Renta capital 1era categoria Bienes inmuebles o muebles arrendados o subarrendados del personalizado (F-Virtual) respecto al transaccional (Sirat)',0.99,CURRENT_DATE,'F-Virtual','MongoDB',1,'J093168_KPIGRP2627.sh');
insert into BDDWEDQ.T11907DETKPI VALUES('K036012022','KPI0362022','Cantidad de DJs de 29 formularios',0.99,CURRENT_DATE,'Teradata','MongoDB',1,'J093168_KPIGRP36.sh');




insert into BDDWEDQ.T11905KPIUMBRAL(COD_UMBRAL, DES_UMBRAL, NUM_LIMINF, NUM_LIMSUP,COD_KPI, FEC_CREACION, ANN_ANAKPI, IND_VIGENCIA) VALUES(105,'Excelente',0.99,1,'K014012022',CURRENT_DATE,2022,1);
insert into BDDWEDQ.T11905KPIUMBRAL(COD_UMBRAL, DES_UMBRAL, NUM_LIMINF, NUM_LIMSUP,COD_KPI, FEC_CREACION, ANN_ANAKPI, IND_VIGENCIA) VALUES(106,'Aceptable',0.9,0.99,'K014012022',CURRENT_DATE,2022,1);
insert into BDDWEDQ.T11905KPIUMBRAL(COD_UMBRAL, DES_UMBRAL, NUM_LIMINF, NUM_LIMSUP,COD_KPI, FEC_CREACION, ANN_ANAKPI, IND_VIGENCIA) VALUES(107,'Regular',0.7,0.9,'K014012022',CURRENT_DATE,2022,1);
insert into BDDWEDQ.T11905KPIUMBRAL(COD_UMBRAL, DES_UMBRAL, NUM_LIMINF, NUM_LIMSUP,COD_KPI, FEC_CREACION, ANN_ANAKPI, IND_VIGENCIA) VALUES(108,'Malo',0,0.7,'K014012022',CURRENT_DATE,2022,1);
insert into BDDWEDQ.T11905KPIUMBRAL(COD_UMBRAL, DES_UMBRAL, NUM_LIMINF, NUM_LIMSUP,COD_KPI, FEC_CREACION, ANN_ANAKPI, IND_VIGENCIA) VALUES(109,'Excelente',0.99,1,'K014022022',CURRENT_DATE,2022,1);
insert into BDDWEDQ.T11905KPIUMBRAL(COD_UMBRAL, DES_UMBRAL, NUM_LIMINF, NUM_LIMSUP,COD_KPI, FEC_CREACION, ANN_ANAKPI, IND_VIGENCIA) VALUES(110,'Aceptable',0.9,0.99,'K014022022',CURRENT_DATE,2022,1);
insert into BDDWEDQ.T11905KPIUMBRAL(COD_UMBRAL, DES_UMBRAL, NUM_LIMINF, NUM_LIMSUP,COD_KPI, FEC_CREACION, ANN_ANAKPI, IND_VIGENCIA) VALUES(111,'Regular',0.7,0.9,'K014022022',CURRENT_DATE,2022,1);
insert into BDDWEDQ.T11905KPIUMBRAL(COD_UMBRAL, DES_UMBRAL, NUM_LIMINF, NUM_LIMSUP,COD_KPI, FEC_CREACION, ANN_ANAKPI, IND_VIGENCIA) VALUES(112,'Malo',0,0.7,'K014022022',CURRENT_DATE,2022,1);
insert into BDDWEDQ.T11905KPIUMBRAL(COD_UMBRAL, DES_UMBRAL, NUM_LIMINF, NUM_LIMSUP,COD_KPI, FEC_CREACION, ANN_ANAKPI, IND_VIGENCIA) VALUES(113,'Excelente',0.99,1,'K014032022',CURRENT_DATE,2022,1);
insert into BDDWEDQ.T11905KPIUMBRAL(COD_UMBRAL, DES_UMBRAL, NUM_LIMINF, NUM_LIMSUP,COD_KPI, FEC_CREACION, ANN_ANAKPI, IND_VIGENCIA) VALUES(114,'Aceptable',0.9,0.99,'K014032022',CURRENT_DATE,2022,1);
insert into BDDWEDQ.T11905KPIUMBRAL(COD_UMBRAL, DES_UMBRAL, NUM_LIMINF, NUM_LIMSUP,COD_KPI, FEC_CREACION, ANN_ANAKPI, IND_VIGENCIA) VALUES(115,'Regular',0.7,0.9,'K014032022',CURRENT_DATE,2022,1);
insert into BDDWEDQ.T11905KPIUMBRAL(COD_UMBRAL, DES_UMBRAL, NUM_LIMINF, NUM_LIMSUP,COD_KPI, FEC_CREACION, ANN_ANAKPI, IND_VIGENCIA) VALUES(116,'Malo',0,0.7,'K014032022',CURRENT_DATE,2022,1);
insert into BDDWEDQ.T11905KPIUMBRAL(COD_UMBRAL, DES_UMBRAL, NUM_LIMINF, NUM_LIMSUP,COD_KPI, FEC_CREACION, ANN_ANAKPI, IND_VIGENCIA) VALUES(117,'Excelente',0.99,1,'K014042022',CURRENT_DATE,2022,1);
insert into BDDWEDQ.T11905KPIUMBRAL(COD_UMBRAL, DES_UMBRAL, NUM_LIMINF, NUM_LIMSUP,COD_KPI, FEC_CREACION, ANN_ANAKPI, IND_VIGENCIA) VALUES(118,'Aceptable',0.9,0.99,'K014042022',CURRENT_DATE,2022,1);
insert into BDDWEDQ.T11905KPIUMBRAL(COD_UMBRAL, DES_UMBRAL, NUM_LIMINF, NUM_LIMSUP,COD_KPI, FEC_CREACION, ANN_ANAKPI, IND_VIGENCIA) VALUES(119,'Regular',0.7,0.9,'K014042022',CURRENT_DATE,2022,1);
insert into BDDWEDQ.T11905KPIUMBRAL(COD_UMBRAL, DES_UMBRAL, NUM_LIMINF, NUM_LIMSUP,COD_KPI, FEC_CREACION, ANN_ANAKPI, IND_VIGENCIA) VALUES(120,'Malo',0,0.7,'K014042022',CURRENT_DATE,2022,1);
insert into BDDWEDQ.T11905KPIUMBRAL(COD_UMBRAL, DES_UMBRAL, NUM_LIMINF, NUM_LIMSUP,COD_KPI, FEC_CREACION, ANN_ANAKPI, IND_VIGENCIA) VALUES(121,'Excelente',0.99,1,'K015012022',CURRENT_DATE,2022,1);
insert into BDDWEDQ.T11905KPIUMBRAL(COD_UMBRAL, DES_UMBRAL, NUM_LIMINF, NUM_LIMSUP,COD_KPI, FEC_CREACION, ANN_ANAKPI, IND_VIGENCIA) VALUES(122,'Aceptable',0.9,0.99,'K015012022',CURRENT_DATE,2022,1);
insert into BDDWEDQ.T11905KPIUMBRAL(COD_UMBRAL, DES_UMBRAL, NUM_LIMINF, NUM_LIMSUP,COD_KPI, FEC_CREACION, ANN_ANAKPI, IND_VIGENCIA) VALUES(123,'Regular',0.7,0.9,'K015012022',CURRENT_DATE,2022,1);
insert into BDDWEDQ.T11905KPIUMBRAL(COD_UMBRAL, DES_UMBRAL, NUM_LIMINF, NUM_LIMSUP,COD_KPI, FEC_CREACION, ANN_ANAKPI, IND_VIGENCIA) VALUES(124,'Malo',0,0.7,'K015012022',CURRENT_DATE,2022,1);
insert into BDDWEDQ.T11905KPIUMBRAL(COD_UMBRAL, DES_UMBRAL, NUM_LIMINF, NUM_LIMSUP,COD_KPI, FEC_CREACION, ANN_ANAKPI, IND_VIGENCIA) VALUES(125,'Excelente',0.99,1,'K015022022',CURRENT_DATE,2022,1);
insert into BDDWEDQ.T11905KPIUMBRAL(COD_UMBRAL, DES_UMBRAL, NUM_LIMINF, NUM_LIMSUP,COD_KPI, FEC_CREACION, ANN_ANAKPI, IND_VIGENCIA) VALUES(126,'Aceptable',0.9,0.99,'K015022022',CURRENT_DATE,2022,1);
insert into BDDWEDQ.T11905KPIUMBRAL(COD_UMBRAL, DES_UMBRAL, NUM_LIMINF, NUM_LIMSUP,COD_KPI, FEC_CREACION, ANN_ANAKPI, IND_VIGENCIA) VALUES(127,'Regular',0.7,0.9,'K015022022',CURRENT_DATE,2022,1);
insert into BDDWEDQ.T11905KPIUMBRAL(COD_UMBRAL, DES_UMBRAL, NUM_LIMINF, NUM_LIMSUP,COD_KPI, FEC_CREACION, ANN_ANAKPI, IND_VIGENCIA) VALUES(128,'Malo',0,0.7,'K015022022',CURRENT_DATE,2022,1);
insert into BDDWEDQ.T11905KPIUMBRAL(COD_UMBRAL, DES_UMBRAL, NUM_LIMINF, NUM_LIMSUP,COD_KPI, FEC_CREACION, ANN_ANAKPI, IND_VIGENCIA) VALUES(129,'Excelente',0.99,1,'K016012022',CURRENT_DATE,2022,1);
insert into BDDWEDQ.T11905KPIUMBRAL(COD_UMBRAL, DES_UMBRAL, NUM_LIMINF, NUM_LIMSUP,COD_KPI, FEC_CREACION, ANN_ANAKPI, IND_VIGENCIA) VALUES(130,'Aceptable',0.9,0.99,'K016012022',CURRENT_DATE,2022,1);
insert into BDDWEDQ.T11905KPIUMBRAL(COD_UMBRAL, DES_UMBRAL, NUM_LIMINF, NUM_LIMSUP,COD_KPI, FEC_CREACION, ANN_ANAKPI, IND_VIGENCIA) VALUES(131,'Regular',0.7,0.9,'K016012022',CURRENT_DATE,2022,1);
insert into BDDWEDQ.T11905KPIUMBRAL(COD_UMBRAL, DES_UMBRAL, NUM_LIMINF, NUM_LIMSUP,COD_KPI, FEC_CREACION, ANN_ANAKPI, IND_VIGENCIA) VALUES(132,'Malo',0,0.7,'K016012022',CURRENT_DATE,2022,1);
insert into BDDWEDQ.T11905KPIUMBRAL(COD_UMBRAL, DES_UMBRAL, NUM_LIMINF, NUM_LIMSUP,COD_KPI, FEC_CREACION, ANN_ANAKPI, IND_VIGENCIA) VALUES(133,'Excelente',0.99,1,'K016022022',CURRENT_DATE,2022,1);
insert into BDDWEDQ.T11905KPIUMBRAL(COD_UMBRAL, DES_UMBRAL, NUM_LIMINF, NUM_LIMSUP,COD_KPI, FEC_CREACION, ANN_ANAKPI, IND_VIGENCIA) VALUES(134,'Aceptable',0.9,0.99,'K016022022',CURRENT_DATE,2022,1);
insert into BDDWEDQ.T11905KPIUMBRAL(COD_UMBRAL, DES_UMBRAL, NUM_LIMINF, NUM_LIMSUP,COD_KPI, FEC_CREACION, ANN_ANAKPI, IND_VIGENCIA) VALUES(135,'Regular',0.7,0.9,'K016022022',CURRENT_DATE,2022,1);
insert into BDDWEDQ.T11905KPIUMBRAL(COD_UMBRAL, DES_UMBRAL, NUM_LIMINF, NUM_LIMSUP,COD_KPI, FEC_CREACION, ANN_ANAKPI, IND_VIGENCIA) VALUES(136,'Malo',0,0.7,'K016022022',CURRENT_DATE,2022,1);
insert into BDDWEDQ.T11905KPIUMBRAL(COD_UMBRAL, DES_UMBRAL, NUM_LIMINF, NUM_LIMSUP,COD_KPI, FEC_CREACION, ANN_ANAKPI, IND_VIGENCIA) VALUES(137,'Excelente',0.99,1,'K016032022',CURRENT_DATE,2022,1);
insert into BDDWEDQ.T11905KPIUMBRAL(COD_UMBRAL, DES_UMBRAL, NUM_LIMINF, NUM_LIMSUP,COD_KPI, FEC_CREACION, ANN_ANAKPI, IND_VIGENCIA) VALUES(138,'Aceptable',0.9,0.99,'K016032022',CURRENT_DATE,2022,1);
insert into BDDWEDQ.T11905KPIUMBRAL(COD_UMBRAL, DES_UMBRAL, NUM_LIMINF, NUM_LIMSUP,COD_KPI, FEC_CREACION, ANN_ANAKPI, IND_VIGENCIA) VALUES(139,'Regular',0.7,0.9,'K016032022',CURRENT_DATE,2022,1);
insert into BDDWEDQ.T11905KPIUMBRAL(COD_UMBRAL, DES_UMBRAL, NUM_LIMINF, NUM_LIMSUP,COD_KPI, FEC_CREACION, ANN_ANAKPI, IND_VIGENCIA) VALUES(140,'Malo',0,0.7,'K016032022',CURRENT_DATE,2022,1);
insert into BDDWEDQ.T11905KPIUMBRAL(COD_UMBRAL, DES_UMBRAL, NUM_LIMINF, NUM_LIMSUP,COD_KPI, FEC_CREACION, ANN_ANAKPI, IND_VIGENCIA) VALUES(141,'Excelente',0.99,1,'K016042022',CURRENT_DATE,2022,1);
insert into BDDWEDQ.T11905KPIUMBRAL(COD_UMBRAL, DES_UMBRAL, NUM_LIMINF, NUM_LIMSUP,COD_KPI, FEC_CREACION, ANN_ANAKPI, IND_VIGENCIA) VALUES(142,'Aceptable',0.9,0.99,'K016042022',CURRENT_DATE,2022,1);
insert into BDDWEDQ.T11905KPIUMBRAL(COD_UMBRAL, DES_UMBRAL, NUM_LIMINF, NUM_LIMSUP,COD_KPI, FEC_CREACION, ANN_ANAKPI, IND_VIGENCIA) VALUES(143,'Regular',0.7,0.9,'K016042022',CURRENT_DATE,2022,1);
insert into BDDWEDQ.T11905KPIUMBRAL(COD_UMBRAL, DES_UMBRAL, NUM_LIMINF, NUM_LIMSUP,COD_KPI, FEC_CREACION, ANN_ANAKPI, IND_VIGENCIA) VALUES(144,'Malo',0,0.7,'K016042022',CURRENT_DATE,2022,1);
insert into BDDWEDQ.T11905KPIUMBRAL(COD_UMBRAL, DES_UMBRAL, NUM_LIMINF, NUM_LIMSUP,COD_KPI, FEC_CREACION, ANN_ANAKPI, IND_VIGENCIA) VALUES(145,'Excelente',0.99,1,'K017012022',CURRENT_DATE,2022,1);
insert into BDDWEDQ.T11905KPIUMBRAL(COD_UMBRAL, DES_UMBRAL, NUM_LIMINF, NUM_LIMSUP,COD_KPI, FEC_CREACION, ANN_ANAKPI, IND_VIGENCIA) VALUES(146,'Aceptable',0.9,0.99,'K017012022',CURRENT_DATE,2022,1);
insert into BDDWEDQ.T11905KPIUMBRAL(COD_UMBRAL, DES_UMBRAL, NUM_LIMINF, NUM_LIMSUP,COD_KPI, FEC_CREACION, ANN_ANAKPI, IND_VIGENCIA) VALUES(147,'Regular',0.7,0.9,'K017012022',CURRENT_DATE,2022,1);
insert into BDDWEDQ.T11905KPIUMBRAL(COD_UMBRAL, DES_UMBRAL, NUM_LIMINF, NUM_LIMSUP,COD_KPI, FEC_CREACION, ANN_ANAKPI, IND_VIGENCIA) VALUES(148,'Malo',0,0.7,'K017012022',CURRENT_DATE,2022,1);
insert into BDDWEDQ.T11905KPIUMBRAL(COD_UMBRAL, DES_UMBRAL, NUM_LIMINF, NUM_LIMSUP,COD_KPI, FEC_CREACION, ANN_ANAKPI, IND_VIGENCIA) VALUES(149,'Excelente',0.99,1,'K017022022',CURRENT_DATE,2022,1);
insert into BDDWEDQ.T11905KPIUMBRAL(COD_UMBRAL, DES_UMBRAL, NUM_LIMINF, NUM_LIMSUP,COD_KPI, FEC_CREACION, ANN_ANAKPI, IND_VIGENCIA) VALUES(150,'Aceptable',0.9,0.99,'K017022022',CURRENT_DATE,2022,1);
insert into BDDWEDQ.T11905KPIUMBRAL(COD_UMBRAL, DES_UMBRAL, NUM_LIMINF, NUM_LIMSUP,COD_KPI, FEC_CREACION, ANN_ANAKPI, IND_VIGENCIA) VALUES(151,'Regular',0.7,0.9,'K017022022',CURRENT_DATE,2022,1);
insert into BDDWEDQ.T11905KPIUMBRAL(COD_UMBRAL, DES_UMBRAL, NUM_LIMINF, NUM_LIMSUP,COD_KPI, FEC_CREACION, ANN_ANAKPI, IND_VIGENCIA) VALUES(152,'Malo',0,0.7,'K017022022',CURRENT_DATE,2022,1);
insert into BDDWEDQ.T11905KPIUMBRAL(COD_UMBRAL, DES_UMBRAL, NUM_LIMINF, NUM_LIMSUP,COD_KPI, FEC_CREACION, ANN_ANAKPI, IND_VIGENCIA) VALUES(153,'Excelente',0.99,1,'K018012022',CURRENT_DATE,2022,1);
insert into BDDWEDQ.T11905KPIUMBRAL(COD_UMBRAL, DES_UMBRAL, NUM_LIMINF, NUM_LIMSUP,COD_KPI, FEC_CREACION, ANN_ANAKPI, IND_VIGENCIA) VALUES(154,'Aceptable',0.9,0.99,'K018012022',CURRENT_DATE,2022,1);
insert into BDDWEDQ.T11905KPIUMBRAL(COD_UMBRAL, DES_UMBRAL, NUM_LIMINF, NUM_LIMSUP,COD_KPI, FEC_CREACION, ANN_ANAKPI, IND_VIGENCIA) VALUES(155,'Regular',0.7,0.9,'K018012022',CURRENT_DATE,2022,1);
insert into BDDWEDQ.T11905KPIUMBRAL(COD_UMBRAL, DES_UMBRAL, NUM_LIMINF, NUM_LIMSUP,COD_KPI, FEC_CREACION, ANN_ANAKPI, IND_VIGENCIA) VALUES(156,'Malo',0,0.7,'K018012022',CURRENT_DATE,2022,1);
insert into BDDWEDQ.T11905KPIUMBRAL(COD_UMBRAL, DES_UMBRAL, NUM_LIMINF, NUM_LIMSUP,COD_KPI, FEC_CREACION, ANN_ANAKPI, IND_VIGENCIA) VALUES(157,'Excelente',0.99,1,'K018022022',CURRENT_DATE,2022,1);
insert into BDDWEDQ.T11905KPIUMBRAL(COD_UMBRAL, DES_UMBRAL, NUM_LIMINF, NUM_LIMSUP,COD_KPI, FEC_CREACION, ANN_ANAKPI, IND_VIGENCIA) VALUES(158,'Aceptable',0.9,0.99,'K018022022',CURRENT_DATE,2022,1);
insert into BDDWEDQ.T11905KPIUMBRAL(COD_UMBRAL, DES_UMBRAL, NUM_LIMINF, NUM_LIMSUP,COD_KPI, FEC_CREACION, ANN_ANAKPI, IND_VIGENCIA) VALUES(159,'Regular',0.7,0.9,'K018022022',CURRENT_DATE,2022,1);
insert into BDDWEDQ.T11905KPIUMBRAL(COD_UMBRAL, DES_UMBRAL, NUM_LIMINF, NUM_LIMSUP,COD_KPI, FEC_CREACION, ANN_ANAKPI, IND_VIGENCIA) VALUES(160,'Malo',0,0.7,'K018022022',CURRENT_DATE,2022,1);
insert into BDDWEDQ.T11905KPIUMBRAL(COD_UMBRAL, DES_UMBRAL, NUM_LIMINF, NUM_LIMSUP,COD_KPI, FEC_CREACION, ANN_ANAKPI, IND_VIGENCIA) VALUES(161,'Excelente',0.99,1,'K018032022',CURRENT_DATE,2022,1);
insert into BDDWEDQ.T11905KPIUMBRAL(COD_UMBRAL, DES_UMBRAL, NUM_LIMINF, NUM_LIMSUP,COD_KPI, FEC_CREACION, ANN_ANAKPI, IND_VIGENCIA) VALUES(162,'Aceptable',0.9,0.99,'K018032022',CURRENT_DATE,2022,1);
insert into BDDWEDQ.T11905KPIUMBRAL(COD_UMBRAL, DES_UMBRAL, NUM_LIMINF, NUM_LIMSUP,COD_KPI, FEC_CREACION, ANN_ANAKPI, IND_VIGENCIA) VALUES(163,'Regular',0.7,0.9,'K018032022',CURRENT_DATE,2022,1);
insert into BDDWEDQ.T11905KPIUMBRAL(COD_UMBRAL, DES_UMBRAL, NUM_LIMINF, NUM_LIMSUP,COD_KPI, FEC_CREACION, ANN_ANAKPI, IND_VIGENCIA) VALUES(164,'Malo',0,0.7,'K018032022',CURRENT_DATE,2022,1);
insert into BDDWEDQ.T11905KPIUMBRAL(COD_UMBRAL, DES_UMBRAL, NUM_LIMINF, NUM_LIMSUP,COD_KPI, FEC_CREACION, ANN_ANAKPI, IND_VIGENCIA) VALUES(165,'Excelente',0.99,1,'K018042022',CURRENT_DATE,2022,1);
insert into BDDWEDQ.T11905KPIUMBRAL(COD_UMBRAL, DES_UMBRAL, NUM_LIMINF, NUM_LIMSUP,COD_KPI, FEC_CREACION, ANN_ANAKPI, IND_VIGENCIA) VALUES(166,'Aceptable',0.9,0.99,'K018042022',CURRENT_DATE,2022,1);
insert into BDDWEDQ.T11905KPIUMBRAL(COD_UMBRAL, DES_UMBRAL, NUM_LIMINF, NUM_LIMSUP,COD_KPI, FEC_CREACION, ANN_ANAKPI, IND_VIGENCIA) VALUES(167,'Regular',0.7,0.9,'K018042022',CURRENT_DATE,2022,1);
insert into BDDWEDQ.T11905KPIUMBRAL(COD_UMBRAL, DES_UMBRAL, NUM_LIMINF, NUM_LIMSUP,COD_KPI, FEC_CREACION, ANN_ANAKPI, IND_VIGENCIA) VALUES(168,'Malo',0,0.7,'K018042022',CURRENT_DATE,2022,1);
insert into BDDWEDQ.T11905KPIUMBRAL(COD_UMBRAL, DES_UMBRAL, NUM_LIMINF, NUM_LIMSUP,COD_KPI, FEC_CREACION, ANN_ANAKPI, IND_VIGENCIA) VALUES(169,'Excelente',0.99,1,'K019012022',CURRENT_DATE,2022,1);
insert into BDDWEDQ.T11905KPIUMBRAL(COD_UMBRAL, DES_UMBRAL, NUM_LIMINF, NUM_LIMSUP,COD_KPI, FEC_CREACION, ANN_ANAKPI, IND_VIGENCIA) VALUES(170,'Aceptable',0.9,0.99,'K019012022',CURRENT_DATE,2022,1);
insert into BDDWEDQ.T11905KPIUMBRAL(COD_UMBRAL, DES_UMBRAL, NUM_LIMINF, NUM_LIMSUP,COD_KPI, FEC_CREACION, ANN_ANAKPI, IND_VIGENCIA) VALUES(171,'Regular',0.7,0.9,'K019012022',CURRENT_DATE,2022,1);
insert into BDDWEDQ.T11905KPIUMBRAL(COD_UMBRAL, DES_UMBRAL, NUM_LIMINF, NUM_LIMSUP,COD_KPI, FEC_CREACION, ANN_ANAKPI, IND_VIGENCIA) VALUES(172,'Malo',0,0.7,'K019012022',CURRENT_DATE,2022,1);
insert into BDDWEDQ.T11905KPIUMBRAL(COD_UMBRAL, DES_UMBRAL, NUM_LIMINF, NUM_LIMSUP,COD_KPI, FEC_CREACION, ANN_ANAKPI, IND_VIGENCIA) VALUES(173,'Excelente',0.99,1,'K019022022',CURRENT_DATE,2022,1);
insert into BDDWEDQ.T11905KPIUMBRAL(COD_UMBRAL, DES_UMBRAL, NUM_LIMINF, NUM_LIMSUP,COD_KPI, FEC_CREACION, ANN_ANAKPI, IND_VIGENCIA) VALUES(174,'Aceptable',0.9,0.99,'K019022022',CURRENT_DATE,2022,1);
insert into BDDWEDQ.T11905KPIUMBRAL(COD_UMBRAL, DES_UMBRAL, NUM_LIMINF, NUM_LIMSUP,COD_KPI, FEC_CREACION, ANN_ANAKPI, IND_VIGENCIA) VALUES(175,'Regular',0.7,0.9,'K019022022',CURRENT_DATE,2022,1);
insert into BDDWEDQ.T11905KPIUMBRAL(COD_UMBRAL, DES_UMBRAL, NUM_LIMINF, NUM_LIMSUP,COD_KPI, FEC_CREACION, ANN_ANAKPI, IND_VIGENCIA) VALUES(176,'Malo',0,0.7,'K019022022',CURRENT_DATE,2022,1);
insert into BDDWEDQ.T11905KPIUMBRAL(COD_UMBRAL, DES_UMBRAL, NUM_LIMINF, NUM_LIMSUP,COD_KPI, FEC_CREACION, ANN_ANAKPI, IND_VIGENCIA) VALUES(177,'Excelente',0.99,1,'K020012022',CURRENT_DATE,2022,1);
insert into BDDWEDQ.T11905KPIUMBRAL(COD_UMBRAL, DES_UMBRAL, NUM_LIMINF, NUM_LIMSUP,COD_KPI, FEC_CREACION, ANN_ANAKPI, IND_VIGENCIA) VALUES(178,'Aceptable',0.9,0.99,'K020012022',CURRENT_DATE,2022,1);
insert into BDDWEDQ.T11905KPIUMBRAL(COD_UMBRAL, DES_UMBRAL, NUM_LIMINF, NUM_LIMSUP,COD_KPI, FEC_CREACION, ANN_ANAKPI, IND_VIGENCIA) VALUES(179,'Regular',0.7,0.9,'K020012022',CURRENT_DATE,2022,1);
insert into BDDWEDQ.T11905KPIUMBRAL(COD_UMBRAL, DES_UMBRAL, NUM_LIMINF, NUM_LIMSUP,COD_KPI, FEC_CREACION, ANN_ANAKPI, IND_VIGENCIA) VALUES(180,'Malo',0,0.7,'K020012022',CURRENT_DATE,2022,1);
insert into BDDWEDQ.T11905KPIUMBRAL(COD_UMBRAL, DES_UMBRAL, NUM_LIMINF, NUM_LIMSUP,COD_KPI, FEC_CREACION, ANN_ANAKPI, IND_VIGENCIA) VALUES(181,'Excelente',0.99,1,'K020022022',CURRENT_DATE,2022,1);
insert into BDDWEDQ.T11905KPIUMBRAL(COD_UMBRAL, DES_UMBRAL, NUM_LIMINF, NUM_LIMSUP,COD_KPI, FEC_CREACION, ANN_ANAKPI, IND_VIGENCIA) VALUES(182,'Aceptable',0.9,0.99,'K020022022',CURRENT_DATE,2022,1);
insert into BDDWEDQ.T11905KPIUMBRAL(COD_UMBRAL, DES_UMBRAL, NUM_LIMINF, NUM_LIMSUP,COD_KPI, FEC_CREACION, ANN_ANAKPI, IND_VIGENCIA) VALUES(183,'Regular',0.7,0.9,'K020022022',CURRENT_DATE,2022,1);
insert into BDDWEDQ.T11905KPIUMBRAL(COD_UMBRAL, DES_UMBRAL, NUM_LIMINF, NUM_LIMSUP,COD_KPI, FEC_CREACION, ANN_ANAKPI, IND_VIGENCIA) VALUES(184,'Malo',0,0.7,'K020022022',CURRENT_DATE,2022,1);
insert into BDDWEDQ.T11905KPIUMBRAL(COD_UMBRAL, DES_UMBRAL, NUM_LIMINF, NUM_LIMSUP,COD_KPI, FEC_CREACION, ANN_ANAKPI, IND_VIGENCIA) VALUES(185,'Excelente',0.99,1,'K021012022',CURRENT_DATE,2022,1);
insert into BDDWEDQ.T11905KPIUMBRAL(COD_UMBRAL, DES_UMBRAL, NUM_LIMINF, NUM_LIMSUP,COD_KPI, FEC_CREACION, ANN_ANAKPI, IND_VIGENCIA) VALUES(186,'Aceptable',0.9,0.99,'K021012022',CURRENT_DATE,2022,1);
insert into BDDWEDQ.T11905KPIUMBRAL(COD_UMBRAL, DES_UMBRAL, NUM_LIMINF, NUM_LIMSUP,COD_KPI, FEC_CREACION, ANN_ANAKPI, IND_VIGENCIA) VALUES(187,'Regular',0.7,0.9,'K021012022',CURRENT_DATE,2022,1);
insert into BDDWEDQ.T11905KPIUMBRAL(COD_UMBRAL, DES_UMBRAL, NUM_LIMINF, NUM_LIMSUP,COD_KPI, FEC_CREACION, ANN_ANAKPI, IND_VIGENCIA) VALUES(188,'Malo',0,0.7,'K021012022',CURRENT_DATE,2022,1);
insert into BDDWEDQ.T11905KPIUMBRAL(COD_UMBRAL, DES_UMBRAL, NUM_LIMINF, NUM_LIMSUP,COD_KPI, FEC_CREACION, ANN_ANAKPI, IND_VIGENCIA) VALUES(189,'Excelente',0.99,1,'K021022022',CURRENT_DATE,2022,1);
insert into BDDWEDQ.T11905KPIUMBRAL(COD_UMBRAL, DES_UMBRAL, NUM_LIMINF, NUM_LIMSUP,COD_KPI, FEC_CREACION, ANN_ANAKPI, IND_VIGENCIA) VALUES(190,'Aceptable',0.9,0.99,'K021022022',CURRENT_DATE,2022,1);
insert into BDDWEDQ.T11905KPIUMBRAL(COD_UMBRAL, DES_UMBRAL, NUM_LIMINF, NUM_LIMSUP,COD_KPI, FEC_CREACION, ANN_ANAKPI, IND_VIGENCIA) VALUES(191,'Regular',0.7,0.9,'K021022022',CURRENT_DATE,2022,1);
insert into BDDWEDQ.T11905KPIUMBRAL(COD_UMBRAL, DES_UMBRAL, NUM_LIMINF, NUM_LIMSUP,COD_KPI, FEC_CREACION, ANN_ANAKPI, IND_VIGENCIA) VALUES(192,'Malo',0,0.7,'K021022022',CURRENT_DATE,2022,1);
insert into BDDWEDQ.T11905KPIUMBRAL(COD_UMBRAL, DES_UMBRAL, NUM_LIMINF, NUM_LIMSUP,COD_KPI, FEC_CREACION, ANN_ANAKPI, IND_VIGENCIA) VALUES(193,'Excelente',0.99,1,'K022012022',CURRENT_DATE,2022,1);
insert into BDDWEDQ.T11905KPIUMBRAL(COD_UMBRAL, DES_UMBRAL, NUM_LIMINF, NUM_LIMSUP,COD_KPI, FEC_CREACION, ANN_ANAKPI, IND_VIGENCIA) VALUES(194,'Aceptable',0.9,0.99,'K022012022',CURRENT_DATE,2022,1);
insert into BDDWEDQ.T11905KPIUMBRAL(COD_UMBRAL, DES_UMBRAL, NUM_LIMINF, NUM_LIMSUP,COD_KPI, FEC_CREACION, ANN_ANAKPI, IND_VIGENCIA) VALUES(195,'Regular',0.7,0.9,'K022012022',CURRENT_DATE,2022,1);
insert into BDDWEDQ.T11905KPIUMBRAL(COD_UMBRAL, DES_UMBRAL, NUM_LIMINF, NUM_LIMSUP,COD_KPI, FEC_CREACION, ANN_ANAKPI, IND_VIGENCIA) VALUES(196,'Malo',0,0.7,'K022012022',CURRENT_DATE,2022,1);
insert into BDDWEDQ.T11905KPIUMBRAL(COD_UMBRAL, DES_UMBRAL, NUM_LIMINF, NUM_LIMSUP,COD_KPI, FEC_CREACION, ANN_ANAKPI, IND_VIGENCIA) VALUES(197,'Excelente',0.99,1,'K022022022',CURRENT_DATE,2022,1);
insert into BDDWEDQ.T11905KPIUMBRAL(COD_UMBRAL, DES_UMBRAL, NUM_LIMINF, NUM_LIMSUP,COD_KPI, FEC_CREACION, ANN_ANAKPI, IND_VIGENCIA) VALUES(198,'Aceptable',0.9,0.99,'K022022022',CURRENT_DATE,2022,1);
insert into BDDWEDQ.T11905KPIUMBRAL(COD_UMBRAL, DES_UMBRAL, NUM_LIMINF, NUM_LIMSUP,COD_KPI, FEC_CREACION, ANN_ANAKPI, IND_VIGENCIA) VALUES(199,'Regular',0.7,0.9,'K022022022',CURRENT_DATE,2022,1);
insert into BDDWEDQ.T11905KPIUMBRAL(COD_UMBRAL, DES_UMBRAL, NUM_LIMINF, NUM_LIMSUP,COD_KPI, FEC_CREACION, ANN_ANAKPI, IND_VIGENCIA) VALUES(200,'Malo',0,0.7,'K022022022',CURRENT_DATE,2022,1);
insert into BDDWEDQ.T11905KPIUMBRAL(COD_UMBRAL, DES_UMBRAL, NUM_LIMINF, NUM_LIMSUP,COD_KPI, FEC_CREACION, ANN_ANAKPI, IND_VIGENCIA) VALUES(201,'Excelente',0.99,1,'K022032022',CURRENT_DATE,2022,1);
insert into BDDWEDQ.T11905KPIUMBRAL(COD_UMBRAL, DES_UMBRAL, NUM_LIMINF, NUM_LIMSUP,COD_KPI, FEC_CREACION, ANN_ANAKPI, IND_VIGENCIA) VALUES(202,'Aceptable',0.9,0.99,'K022032022',CURRENT_DATE,2022,1);
insert into BDDWEDQ.T11905KPIUMBRAL(COD_UMBRAL, DES_UMBRAL, NUM_LIMINF, NUM_LIMSUP,COD_KPI, FEC_CREACION, ANN_ANAKPI, IND_VIGENCIA) VALUES(203,'Regular',0.7,0.9,'K022032022',CURRENT_DATE,2022,1);
insert into BDDWEDQ.T11905KPIUMBRAL(COD_UMBRAL, DES_UMBRAL, NUM_LIMINF, NUM_LIMSUP,COD_KPI, FEC_CREACION, ANN_ANAKPI, IND_VIGENCIA) VALUES(204,'Malo',0,0.7,'K022032022',CURRENT_DATE,2022,1);
insert into BDDWEDQ.T11905KPIUMBRAL(COD_UMBRAL, DES_UMBRAL, NUM_LIMINF, NUM_LIMSUP,COD_KPI, FEC_CREACION, ANN_ANAKPI, IND_VIGENCIA) VALUES(205,'Excelente',0.99,1,'K022042022',CURRENT_DATE,2022,1);
insert into BDDWEDQ.T11905KPIUMBRAL(COD_UMBRAL, DES_UMBRAL, NUM_LIMINF, NUM_LIMSUP,COD_KPI, FEC_CREACION, ANN_ANAKPI, IND_VIGENCIA) VALUES(206,'Aceptable',0.9,0.99,'K022042022',CURRENT_DATE,2022,1);
insert into BDDWEDQ.T11905KPIUMBRAL(COD_UMBRAL, DES_UMBRAL, NUM_LIMINF, NUM_LIMSUP,COD_KPI, FEC_CREACION, ANN_ANAKPI, IND_VIGENCIA) VALUES(207,'Regular',0.7,0.9,'K022042022',CURRENT_DATE,2022,1);
insert into BDDWEDQ.T11905KPIUMBRAL(COD_UMBRAL, DES_UMBRAL, NUM_LIMINF, NUM_LIMSUP,COD_KPI, FEC_CREACION, ANN_ANAKPI, IND_VIGENCIA) VALUES(208,'Malo',0,0.7,'K022042022',CURRENT_DATE,2022,1);
insert into BDDWEDQ.T11905KPIUMBRAL(COD_UMBRAL, DES_UMBRAL, NUM_LIMINF, NUM_LIMSUP,COD_KPI, FEC_CREACION, ANN_ANAKPI, IND_VIGENCIA) VALUES(209,'Excelente',0.99,1,'K023012022',CURRENT_DATE,2022,1);
insert into BDDWEDQ.T11905KPIUMBRAL(COD_UMBRAL, DES_UMBRAL, NUM_LIMINF, NUM_LIMSUP,COD_KPI, FEC_CREACION, ANN_ANAKPI, IND_VIGENCIA) VALUES(210,'Aceptable',0.9,0.99,'K023012022',CURRENT_DATE,2022,1);
insert into BDDWEDQ.T11905KPIUMBRAL(COD_UMBRAL, DES_UMBRAL, NUM_LIMINF, NUM_LIMSUP,COD_KPI, FEC_CREACION, ANN_ANAKPI, IND_VIGENCIA) VALUES(211,'Regular',0.7,0.9,'K023012022',CURRENT_DATE,2022,1);
insert into BDDWEDQ.T11905KPIUMBRAL(COD_UMBRAL, DES_UMBRAL, NUM_LIMINF, NUM_LIMSUP,COD_KPI, FEC_CREACION, ANN_ANAKPI, IND_VIGENCIA) VALUES(212,'Malo',0,0.7,'K023012022',CURRENT_DATE,2022,1);
insert into BDDWEDQ.T11905KPIUMBRAL(COD_UMBRAL, DES_UMBRAL, NUM_LIMINF, NUM_LIMSUP,COD_KPI, FEC_CREACION, ANN_ANAKPI, IND_VIGENCIA) VALUES(213,'Excelente',0.99,1,'K023022022',CURRENT_DATE,2022,1);
insert into BDDWEDQ.T11905KPIUMBRAL(COD_UMBRAL, DES_UMBRAL, NUM_LIMINF, NUM_LIMSUP,COD_KPI, FEC_CREACION, ANN_ANAKPI, IND_VIGENCIA) VALUES(214,'Aceptable',0.9,0.99,'K023022022',CURRENT_DATE,2022,1);
insert into BDDWEDQ.T11905KPIUMBRAL(COD_UMBRAL, DES_UMBRAL, NUM_LIMINF, NUM_LIMSUP,COD_KPI, FEC_CREACION, ANN_ANAKPI, IND_VIGENCIA) VALUES(215,'Regular',0.7,0.9,'K023022022',CURRENT_DATE,2022,1);
insert into BDDWEDQ.T11905KPIUMBRAL(COD_UMBRAL, DES_UMBRAL, NUM_LIMINF, NUM_LIMSUP,COD_KPI, FEC_CREACION, ANN_ANAKPI, IND_VIGENCIA) VALUES(216,'Malo',0,0.7,'K023022022',CURRENT_DATE,2022,1);
insert into BDDWEDQ.T11905KPIUMBRAL(COD_UMBRAL, DES_UMBRAL, NUM_LIMINF, NUM_LIMSUP,COD_KPI, FEC_CREACION, ANN_ANAKPI, IND_VIGENCIA) VALUES(217,'Excelente',0.99,1,'K024012022',CURRENT_DATE,2022,1);
insert into BDDWEDQ.T11905KPIUMBRAL(COD_UMBRAL, DES_UMBRAL, NUM_LIMINF, NUM_LIMSUP,COD_KPI, FEC_CREACION, ANN_ANAKPI, IND_VIGENCIA) VALUES(218,'Aceptable',0.9,0.99,'K024012022',CURRENT_DATE,2022,1);
insert into BDDWEDQ.T11905KPIUMBRAL(COD_UMBRAL, DES_UMBRAL, NUM_LIMINF, NUM_LIMSUP,COD_KPI, FEC_CREACION, ANN_ANAKPI, IND_VIGENCIA) VALUES(219,'Regular',0.7,0.9,'K024012022',CURRENT_DATE,2022,1);
insert into BDDWEDQ.T11905KPIUMBRAL(COD_UMBRAL, DES_UMBRAL, NUM_LIMINF, NUM_LIMSUP,COD_KPI, FEC_CREACION, ANN_ANAKPI, IND_VIGENCIA) VALUES(220,'Malo',0,0.7,'K024012022',CURRENT_DATE,2022,1);
insert into BDDWEDQ.T11905KPIUMBRAL(COD_UMBRAL, DES_UMBRAL, NUM_LIMINF, NUM_LIMSUP,COD_KPI, FEC_CREACION, ANN_ANAKPI, IND_VIGENCIA) VALUES(221,'Excelente',0.99,1,'K024022022',CURRENT_DATE,2022,1);
insert into BDDWEDQ.T11905KPIUMBRAL(COD_UMBRAL, DES_UMBRAL, NUM_LIMINF, NUM_LIMSUP,COD_KPI, FEC_CREACION, ANN_ANAKPI, IND_VIGENCIA) VALUES(222,'Aceptable',0.9,0.99,'K024022022',CURRENT_DATE,2022,1);
insert into BDDWEDQ.T11905KPIUMBRAL(COD_UMBRAL, DES_UMBRAL, NUM_LIMINF, NUM_LIMSUP,COD_KPI, FEC_CREACION, ANN_ANAKPI, IND_VIGENCIA) VALUES(223,'Regular',0.7,0.9,'K024022022',CURRENT_DATE,2022,1);
insert into BDDWEDQ.T11905KPIUMBRAL(COD_UMBRAL, DES_UMBRAL, NUM_LIMINF, NUM_LIMSUP,COD_KPI, FEC_CREACION, ANN_ANAKPI, IND_VIGENCIA) VALUES(224,'Malo',0,0.7,'K024022022',CURRENT_DATE,2022,1);
insert into BDDWEDQ.T11905KPIUMBRAL(COD_UMBRAL, DES_UMBRAL, NUM_LIMINF, NUM_LIMSUP,COD_KPI, FEC_CREACION, ANN_ANAKPI, IND_VIGENCIA) VALUES(225,'Excelente',0.99,1,'K025012022',CURRENT_DATE,2022,1);
insert into BDDWEDQ.T11905KPIUMBRAL(COD_UMBRAL, DES_UMBRAL, NUM_LIMINF, NUM_LIMSUP,COD_KPI, FEC_CREACION, ANN_ANAKPI, IND_VIGENCIA) VALUES(226,'Aceptable',0.9,0.99,'K025012022',CURRENT_DATE,2022,1);
insert into BDDWEDQ.T11905KPIUMBRAL(COD_UMBRAL, DES_UMBRAL, NUM_LIMINF, NUM_LIMSUP,COD_KPI, FEC_CREACION, ANN_ANAKPI, IND_VIGENCIA) VALUES(227,'Regular',0.7,0.9,'K025012022',CURRENT_DATE,2022,1);
insert into BDDWEDQ.T11905KPIUMBRAL(COD_UMBRAL, DES_UMBRAL, NUM_LIMINF, NUM_LIMSUP,COD_KPI, FEC_CREACION, ANN_ANAKPI, IND_VIGENCIA) VALUES(228,'Malo',0,0.7,'K025012022',CURRENT_DATE,2022,1);
insert into BDDWEDQ.T11905KPIUMBRAL(COD_UMBRAL, DES_UMBRAL, NUM_LIMINF, NUM_LIMSUP,COD_KPI, FEC_CREACION, ANN_ANAKPI, IND_VIGENCIA) VALUES(229,'Excelente',0.99,1,'K025022022',CURRENT_DATE,2022,1);
insert into BDDWEDQ.T11905KPIUMBRAL(COD_UMBRAL, DES_UMBRAL, NUM_LIMINF, NUM_LIMSUP,COD_KPI, FEC_CREACION, ANN_ANAKPI, IND_VIGENCIA) VALUES(230,'Aceptable',0.9,0.99,'K025022022',CURRENT_DATE,2022,1);
insert into BDDWEDQ.T11905KPIUMBRAL(COD_UMBRAL, DES_UMBRAL, NUM_LIMINF, NUM_LIMSUP,COD_KPI, FEC_CREACION, ANN_ANAKPI, IND_VIGENCIA) VALUES(231,'Regular',0.7,0.9,'K025022022',CURRENT_DATE,2022,1);
insert into BDDWEDQ.T11905KPIUMBRAL(COD_UMBRAL, DES_UMBRAL, NUM_LIMINF, NUM_LIMSUP,COD_KPI, FEC_CREACION, ANN_ANAKPI, IND_VIGENCIA) VALUES(232,'Malo',0,0.7,'K025022022',CURRENT_DATE,2022,1);
insert into BDDWEDQ.T11905KPIUMBRAL(COD_UMBRAL, DES_UMBRAL, NUM_LIMINF, NUM_LIMSUP,COD_KPI, FEC_CREACION, ANN_ANAKPI, IND_VIGENCIA) VALUES(233,'Excelente',0.99,1,'K026012022',CURRENT_DATE,2022,1);
insert into BDDWEDQ.T11905KPIUMBRAL(COD_UMBRAL, DES_UMBRAL, NUM_LIMINF, NUM_LIMSUP,COD_KPI, FEC_CREACION, ANN_ANAKPI, IND_VIGENCIA) VALUES(234,'Aceptable',0.9,0.99,'K026012022',CURRENT_DATE,2022,1);
insert into BDDWEDQ.T11905KPIUMBRAL(COD_UMBRAL, DES_UMBRAL, NUM_LIMINF, NUM_LIMSUP,COD_KPI, FEC_CREACION, ANN_ANAKPI, IND_VIGENCIA) VALUES(235,'Regular',0.7,0.9,'K026012022',CURRENT_DATE,2022,1);
insert into BDDWEDQ.T11905KPIUMBRAL(COD_UMBRAL, DES_UMBRAL, NUM_LIMINF, NUM_LIMSUP,COD_KPI, FEC_CREACION, ANN_ANAKPI, IND_VIGENCIA) VALUES(236,'Malo',0,0.7,'K026012022',CURRENT_DATE,2022,1);
insert into BDDWEDQ.T11905KPIUMBRAL(COD_UMBRAL, DES_UMBRAL, NUM_LIMINF, NUM_LIMSUP,COD_KPI, FEC_CREACION, ANN_ANAKPI, IND_VIGENCIA) VALUES(237,'Excelente',0.99,1,'K026022022',CURRENT_DATE,2022,1);
insert into BDDWEDQ.T11905KPIUMBRAL(COD_UMBRAL, DES_UMBRAL, NUM_LIMINF, NUM_LIMSUP,COD_KPI, FEC_CREACION, ANN_ANAKPI, IND_VIGENCIA) VALUES(238,'Aceptable',0.9,0.99,'K026022022',CURRENT_DATE,2022,1);
insert into BDDWEDQ.T11905KPIUMBRAL(COD_UMBRAL, DES_UMBRAL, NUM_LIMINF, NUM_LIMSUP,COD_KPI, FEC_CREACION, ANN_ANAKPI, IND_VIGENCIA) VALUES(239,'Regular',0.7,0.9,'K026022022',CURRENT_DATE,2022,1);
insert into BDDWEDQ.T11905KPIUMBRAL(COD_UMBRAL, DES_UMBRAL, NUM_LIMINF, NUM_LIMSUP,COD_KPI, FEC_CREACION, ANN_ANAKPI, IND_VIGENCIA) VALUES(240,'Malo',0,0.7,'K026022022',CURRENT_DATE,2022,1);
insert into BDDWEDQ.T11905KPIUMBRAL(COD_UMBRAL, DES_UMBRAL, NUM_LIMINF, NUM_LIMSUP,COD_KPI, FEC_CREACION, ANN_ANAKPI, IND_VIGENCIA) VALUES(241,'Excelente',0.99,1,'K027012022',CURRENT_DATE,2022,1);
insert into BDDWEDQ.T11905KPIUMBRAL(COD_UMBRAL, DES_UMBRAL, NUM_LIMINF, NUM_LIMSUP,COD_KPI, FEC_CREACION, ANN_ANAKPI, IND_VIGENCIA) VALUES(242,'Aceptable',0.9,0.99,'K027012022',CURRENT_DATE,2022,1);
insert into BDDWEDQ.T11905KPIUMBRAL(COD_UMBRAL, DES_UMBRAL, NUM_LIMINF, NUM_LIMSUP,COD_KPI, FEC_CREACION, ANN_ANAKPI, IND_VIGENCIA) VALUES(243,'Regular',0.7,0.9,'K027012022',CURRENT_DATE,2022,1);
insert into BDDWEDQ.T11905KPIUMBRAL(COD_UMBRAL, DES_UMBRAL, NUM_LIMINF, NUM_LIMSUP,COD_KPI, FEC_CREACION, ANN_ANAKPI, IND_VIGENCIA) VALUES(244,'Malo',0,0.7,'K027012022',CURRENT_DATE,2022,1);
insert into BDDWEDQ.T11905KPIUMBRAL(COD_UMBRAL, DES_UMBRAL, NUM_LIMINF, NUM_LIMSUP,COD_KPI, FEC_CREACION, ANN_ANAKPI, IND_VIGENCIA) VALUES(245,'Excelente',0.99,1,'K027022022',CURRENT_DATE,2022,1);
insert into BDDWEDQ.T11905KPIUMBRAL(COD_UMBRAL, DES_UMBRAL, NUM_LIMINF, NUM_LIMSUP,COD_KPI, FEC_CREACION, ANN_ANAKPI, IND_VIGENCIA) VALUES(246,'Aceptable',0.9,0.99,'K027022022',CURRENT_DATE,2022,1);
insert into BDDWEDQ.T11905KPIUMBRAL(COD_UMBRAL, DES_UMBRAL, NUM_LIMINF, NUM_LIMSUP,COD_KPI, FEC_CREACION, ANN_ANAKPI, IND_VIGENCIA) VALUES(247,'Regular',0.7,0.9,'K027022022',CURRENT_DATE,2022,1);
insert into BDDWEDQ.T11905KPIUMBRAL(COD_UMBRAL, DES_UMBRAL, NUM_LIMINF, NUM_LIMSUP,COD_KPI, FEC_CREACION, ANN_ANAKPI, IND_VIGENCIA) VALUES(248,'Malo',0,0.7,'K027022022',CURRENT_DATE,2022,1);
insert into BDDWEDQ.T11905KPIUMBRAL(COD_UMBRAL, DES_UMBRAL, NUM_LIMINF, NUM_LIMSUP,COD_KPI, FEC_CREACION, ANN_ANAKPI, IND_VIGENCIA) VALUES(249,'Excelente',0.99,1,'K036012022',CURRENT_DATE,2022,1);
insert into BDDWEDQ.T11905KPIUMBRAL(COD_UMBRAL, DES_UMBRAL, NUM_LIMINF, NUM_LIMSUP,COD_KPI, FEC_CREACION, ANN_ANAKPI, IND_VIGENCIA) VALUES(250,'Aceptable',0.9,0.99,'K036012022',CURRENT_DATE,2022,1);
insert into BDDWEDQ.T11905KPIUMBRAL(COD_UMBRAL, DES_UMBRAL, NUM_LIMINF, NUM_LIMSUP,COD_KPI, FEC_CREACION, ANN_ANAKPI, IND_VIGENCIA) VALUES(251,'Regular',0.7,0.9,'K036012022',CURRENT_DATE,2022,1);
insert into BDDWEDQ.T11905KPIUMBRAL(COD_UMBRAL, DES_UMBRAL, NUM_LIMINF, NUM_LIMSUP,COD_KPI, FEC_CREACION, ANN_ANAKPI, IND_VIGENCIA) VALUES(252,'Malo',0,0.7,'K036012022',CURRENT_DATE,2022,1);

	